Time,mo21,mco21,mco1,mh2o1
0,0,0,0,0
15,0.005984291,0.004115135,0,0.003369156
30,0.011968582,0.008230271,0,0.006738312
60,0.023937165,0.016460541,0,0.013476624
75,0.029921456,0.020575676,0,0.01684578
90,0.035905747,0.024690812,0,0.020214936
100,0.039894876,0.027433961,0,0.022460815
100.001,0.039895275,0.027434235,0,0.02246104
200,0.039895275,0.027434235,0,0.02246104
