Time,mn2,mo2,mco2,mco,mh2o,mhcl,mhcn,msoot
0,0,0,0,0,0,0,0,0
15,0.000599436,0.006793426,0.008500958,0.0004725,0.00191717,0.001033148,0.000375,0.001395
30,0.001198872,0.013586853,0.017001916,0.000945,0.003834341,0.002066296,0.00075,0.00279
60,0.002397743,0.027173705,0.034003832,0.00189,0.007668682,0.004132592,0.0015,0.00558
75,0.002997179,0.033967131,0.04250479,0.0023625,0.009585852,0.00516574,0.001875,0.006975
90,0.003596615,0.040760558,0.051005748,0.002835,0.011503022,0.006198888,0.00225,0.00837
99.999,0.003996199,0.045289055,0.056672487,0.003149969,0.012781008,0.006887584,0.002499975,0.009299907
100.001,0.003996239,0.045289508,0.056673054,0.00315,0.012781136,0.006887653,0.0025,0.0093
200,0.003996239,0.045289508,0.056673054,0.00315,0.012781136,0.006887653,0.0025,0.0093
