Time,Gas_FED,Heat_FED
200,6.56E-06,0.000674629
300,6.56E-06,0.000674629
400,6.56E-06,0.000674629
500,6.56E-06,0.000674629
600,6.56E-06,0.000674629
700,6.56E-06,0.000674629
800,6.56E-06,0.000674629
