Time,mo21,mco21,mco1,mh2o1
0,0,0,0,0
15,0.005898608,0.003879452,0.00015,0.003369156
30,0.011797215,0.007758903,0.0003,0.006738312
60,0.02359443,0.015517806,0.0006,0.013476624
75,0.029493038,0.019397258,0.00075,0.01684578
90,0.035391645,0.02327671,0.0009,0.020214936
100,0.03932405,0.025863011,0.001,0.02246104
100.001,0.039324247,0.02586314,0.001000005,0.022461152
200,0.039324247,0.02586314,0.001000005,0.022461152
