Time,mn2,mo2,mco2,mco,mh2o,mhcl,mhcn,msoot
0.0000000,0.0000000,0.0000000,0.0000000,0.0000000,0.0000000,0.0000000,0.0000000,0.0000000
15.0000000,0.0003425,0.0034671,0.0031828,0.0001500,0.0012016,0.0000000,0.0000750,0.0000150
30.0000000,0.0006851,0.0069341,0.0063656,0.0003000,0.0024032,0.0000000,0.0001500,0.0000300
60.0000000,0.0013701,0.0138682,0.0127313,0.0006000,0.0048063,0.0000000,0.0003000,0.0000600
75.0000000,0.0017127,0.0173353,0.0159141,0.0007500,0.0060079,0.0000000,0.0003750,0.0000750
90.0000000,0.0020552,0.0208023,0.0190969,0.0009000,0.0072095,0.0000000,0.0004500,0.0000900
99.9990000,0.0022836,0.0231135,0.0212186,0.0010000,0.0080105,0.0000000,0.0005000,0.0001000
100.0010000,0.0022836,0.0231137,0.0212188,0.0010000,0.0080106,0.0000000,0.0005000,0.0001000
200.0000000,0.0022836,0.0231137,0.0212188,0.0010000,0.0080106,0.0000000,0.0005000,0.0001000
