Time,MFLOW,P_FLOOR
s,kg/s,Pa
150,0.012,1.224489796
300,0.012,1.224489796
450,0.012,1.224489796
600,0.012,1.224489796
750,0.012,1.224489796
890,0.012,1.224489796
