Time,COF_1,UFOF_1,UROF_1,UBOF_1,ULOF_1,LFOF_1,LROF_1,LBOF_1,LLOF_1,FOF_1,COF_2,UFOF_2,UROF_2,UBOF_2,ULOF_2,LFOF_2,LROF_2,LBOF_2,LLOF_2,FOF_2,COF_3,UFOF_3,UROF_3,UBOF_3,ULOF_3,LFOF_3,LROF_3,LBOF_3,LLOF_3,FOF_3
0,0,0,0,0,0,0,0,0,0,0,0,0,0,0,0,0,0,0,0,0,0,0,0,0,0,0,0,0,0,0
0.5,0.05,0.05,0.078125,0.05,0.125,0.025,0.09375,0.025,0.09375,0.025,0,0,0.046875,0,0.125,0,0.1015625,0,0.109375,0.05,0.025,0,0,0,0.09375,0,0,0,0.096875,0
1,0.1,0.1,0.15625,0.1,0.25,0.05,0.1875,0.05,0.1875,0.05,0,0,0.09375,0,0.25,0,0.203125,0,0.21875,0.1,0.05,0,0,0,0.1875,0,0,0,0.19375,0
