Time,MFLOW
s,kg/s
10,0.119540274
150,0.119540274
300,0.119540274
450,0.119540274
600,0.119540274
750,0.119540274
890,0.119540274
