Time,MFLOW
s,kg/s
150,0.012041
300,0.012041
450,0.012041
600,0.012041
750,0.012041
890,0.012041
