Time,ULT,PRS
0,20,0
60,75.26897155,19200
120,130.449315,38400
180,185.5412434,57600
240,240.544969,76800
300,295.4607036,96000
360,350.288658,115200
420,405.0290426,134400
480,459.682067,153600
540,514.2479402,172800
600,568.7268704,192000
660,623.1190654,211200
720,677.424732,230400
780,731.6440766,249600
840,785.7773048,268800
900,839.8246216,288000
